<?xml version="1.0" encoding="UTF-8"?>
<Tokens version="1.0">
	<File path="Protocols/BITCrashManagerDelegate.html">
		
		<Token>
			<TokenIdentifier>//apple_ref/occ/intf/BITCrashManagerDelegate</TokenIdentifier>
			<Abstract type="html">The BITCrashManagerDelegate formal protocol defines methods further configuring
the behaviour of BITCrashManager.</Abstract>
			<DeclaredIn>BITCrashManagerDelegate.h</DeclaredIn>
            
			
			<NodeRef refid="26"/>
		</Token>
		
		
		<Token>
			<TokenIdentifier>//apple_ref/occ/intfm/BITCrashManagerDelegate/applicationLogForCrashManager:</TokenIdentifier>
			<Abstract type="html">Return any log string based data the crash report being processed should contain</Abstract>
			<DeclaredIn>BITCrashManagerDelegate.h</DeclaredIn>
			
	<RelatedTokens>
		<TokenIdentifier>//apple_ref/occ/intfm/BITCrashManagerDelegate/attachmentForCrashManager:</TokenIdentifier>
		<TokenIdentifier>//apple_ref/occ/intfm/BITCrashManagerDelegate/userNameForCrashManager:</TokenIdentifier>
		<TokenIdentifier>//apple_ref/occ/intfm/BITCrashManagerDelegate/userEmailForCrashManager:</TokenIdentifier>
		
	</RelatedTokens>
	
			<Declaration>- (NSString *)applicationLogForCrashManager:(BITCrashManager *)crashManager</Declaration>
			<Parameters>
				<Parameter>
					<Name>crashManager</Name>
					<Abstract type="html">The BITCrashManager instance invoking this delegate</Abstract>
				</Parameter>
			</Parameters>
			
			<Anchor>//api/name/applicationLogForCrashManager:</Anchor>
            <NodeRef refid="26"/>
		</Token>
		
		<Token>
			<TokenIdentifier>//apple_ref/occ/intfm/BITCrashManagerDelegate/attachmentForCrashManager:</TokenIdentifier>
			<Abstract type="html">Return a BITCrashAttachment object providing an NSData object the crash report
being processed should contain</Abstract>
			<DeclaredIn>BITCrashManagerDelegate.h</DeclaredIn>
			
	<RelatedTokens>
		<TokenIdentifier>//apple_ref/occ/intfm/BITCrashManagerDelegate/applicationLogForCrashManager:</TokenIdentifier>
		<TokenIdentifier>//apple_ref/occ/intfm/BITCrashManagerDelegate/userNameForCrashManager:</TokenIdentifier>
		<TokenIdentifier>//apple_ref/occ/intfm/BITCrashManagerDelegate/userEmailForCrashManager:</TokenIdentifier>
		
	</RelatedTokens>
	
			<Declaration>- (BITCrashAttachment *)attachmentForCrashManager:(BITCrashManager *)crashManager</Declaration>
			<Parameters>
				<Parameter>
					<Name>crashManager</Name>
					<Abstract type="html">The BITCrashManager instance invoking this delegate</Abstract>
				</Parameter>
			</Parameters>
			
			<Anchor>//api/name/attachmentForCrashManager:</Anchor>
            <NodeRef refid="26"/>
		</Token>
		
		<Token>
			<TokenIdentifier>//apple_ref/occ/intfm/BITCrashManagerDelegate/userNameForCrashManager:</TokenIdentifier>
			<Abstract type="html">Return the user name or userid that should be send along each crash report (&lt;b class=&quot;deprecated&quot;&gt;Deprecated:&lt;/b&gt;&lt;span class=&quot;deprecated&quot;&gt; Please use BITHockeyManagerDelegate userNameForHockeyManager:componentManager: instead&lt;/span&gt;)</Abstract>
			<DeclaredIn>BITCrashManagerDelegate.h</DeclaredIn>
			
	<RelatedTokens>
		<TokenIdentifier>//apple_ref/occ/intfm/BITCrashManagerDelegate/applicationLogForCrashManager:</TokenIdentifier>
		<TokenIdentifier>//apple_ref/occ/intfm/BITCrashManagerDelegate/attachmentForCrashManager:</TokenIdentifier>
		<TokenIdentifier>//apple_ref/occ/intfm/BITCrashManagerDelegate/userEmailForCrashManager:</TokenIdentifier>
		
	</RelatedTokens>
	
			<Declaration>- (NSString *)userNameForCrashManager:(BITCrashManager *)crashManager</Declaration>
			<Parameters>
				<Parameter>
					<Name>crashManager</Name>
					<Abstract type="html">The BITCrashManager instance invoking this delegate</Abstract>
				</Parameter>
			</Parameters>
			
			<Anchor>//api/name/userNameForCrashManager:</Anchor>
            <NodeRef refid="26"/>
		</Token>
		
		<Token>
			<TokenIdentifier>//apple_ref/occ/intfm/BITCrashManagerDelegate/userEmailForCrashManager:</TokenIdentifier>
			<Abstract type="html">Return the users email address that should be send along each crash report (&lt;b class=&quot;deprecated&quot;&gt;Deprecated:&lt;/b&gt;&lt;span class=&quot;deprecated&quot;&gt; Please use BITHockeyManagerDelegate userEmailForHockeyManager:componentManager: instead&lt;/span&gt;)</Abstract>
			<DeclaredIn>BITCrashManagerDelegate.h</DeclaredIn>
			
	<RelatedTokens>
		<TokenIdentifier>//apple_ref/occ/intfm/BITCrashManagerDelegate/applicationLogForCrashManager:</TokenIdentifier>
		<TokenIdentifier>//apple_ref/occ/intfm/BITCrashManagerDelegate/attachmentForCrashManager:</TokenIdentifier>
		<TokenIdentifier>//apple_ref/occ/intfm/BITCrashManagerDelegate/userNameForCrashManager:</TokenIdentifier>
		
	</RelatedTokens>
	
			<Declaration>- (NSString *)userEmailForCrashManager:(BITCrashManager *)crashManager</Declaration>
			<Parameters>
				<Parameter>
					<Name>crashManager</Name>
					<Abstract type="html">The BITCrashManager instance invoking this delegate</Abstract>
				</Parameter>
			</Parameters>
			
			<Anchor>//api/name/userEmailForCrashManager:</Anchor>
            <NodeRef refid="26"/>
		</Token>
		
		<Token>
			<TokenIdentifier>//apple_ref/occ/intfm/BITCrashManagerDelegate/crashManagerWillShowSubmitCrashReportAlert:</TokenIdentifier>
			<Abstract type="html">Invoked before the user is asked to send a crash report, so you can do additional actions.
E.g. to make sure not to ask the user for an app rating :)</Abstract>
			<DeclaredIn>BITCrashManagerDelegate.h</DeclaredIn>
			
			<Declaration>- (void)crashManagerWillShowSubmitCrashReportAlert:(BITCrashManager *)crashManager</Declaration>
			<Parameters>
				<Parameter>
					<Name>crashManager</Name>
					<Abstract type="html">The BITCrashManager instance invoking this delegate</Abstract>
				</Parameter>
			</Parameters>
			
			<Anchor>//api/name/crashManagerWillShowSubmitCrashReportAlert:</Anchor>
            <NodeRef refid="26"/>
		</Token>
		
		<Token>
			<TokenIdentifier>//apple_ref/occ/intfm/BITCrashManagerDelegate/crashManagerWillCancelSendingCrashReport:</TokenIdentifier>
			<Abstract type="html">Invoked after the user did choose NOT to send a crash in the alert</Abstract>
			<DeclaredIn>BITCrashManagerDelegate.h</DeclaredIn>
			
			<Declaration>- (void)crashManagerWillCancelSendingCrashReport:(BITCrashManager *)crashManager</Declaration>
			<Parameters>
				<Parameter>
					<Name>crashManager</Name>
					<Abstract type="html">The BITCrashManager instance invoking this delegate</Abstract>
				</Parameter>
			</Parameters>
			
			<Anchor>//api/name/crashManagerWillCancelSendingCrashReport:</Anchor>
            <NodeRef refid="26"/>
		</Token>
		
		<Token>
			<TokenIdentifier>//apple_ref/occ/intfm/BITCrashManagerDelegate/crashManagerWillSendCrashReportsAlways:</TokenIdentifier>
			<Abstract type="html">Invoked after the user did choose to send crashes always in the alert</Abstract>
			<DeclaredIn>BITCrashManagerDelegate.h</DeclaredIn>
			
			<Declaration>- (void)crashManagerWillSendCrashReportsAlways:(BITCrashManager *)crashManager</Declaration>
			<Parameters>
				<Parameter>
					<Name>crashManager</Name>
					<Abstract type="html">The BITCrashManager instance invoking this delegate</Abstract>
				</Parameter>
			</Parameters>
			
			<Anchor>//api/name/crashManagerWillSendCrashReportsAlways:</Anchor>
            <NodeRef refid="26"/>
		</Token>
		
		<Token>
			<TokenIdentifier>//apple_ref/occ/intfm/BITCrashManagerDelegate/crashManagerWillSendCrashReport:</TokenIdentifier>
			<Abstract type="html">Invoked right before sending crash reports will start</Abstract>
			<DeclaredIn>BITCrashManagerDelegate.h</DeclaredIn>
			
			<Declaration>- (void)crashManagerWillSendCrashReport:(BITCrashManager *)crashManager</Declaration>
			<Parameters>
				<Parameter>
					<Name>crashManager</Name>
					<Abstract type="html">The BITCrashManager instance invoking this delegate</Abstract>
				</Parameter>
			</Parameters>
			
			<Anchor>//api/name/crashManagerWillSendCrashReport:</Anchor>
            <NodeRef refid="26"/>
		</Token>
		
		<Token>
			<TokenIdentifier>//apple_ref/occ/intfm/BITCrashManagerDelegate/crashManager:didFailWithError:</TokenIdentifier>
			<Abstract type="html">Invoked after sending crash reports failed</Abstract>
			<DeclaredIn>BITCrashManagerDelegate.h</DeclaredIn>
			
			<Declaration>- (void)crashManager:(BITCrashManager *)crashManager didFailWithError:(NSError *)error</Declaration>
			<Parameters>
				<Parameter>
					<Name>crashManager</Name>
					<Abstract type="html">The BITCrashManager instance invoking this delegate</Abstract>
				</Parameter><Parameter>
					<Name>error</Name>
					<Abstract type="html">The error returned from the NSURLConnection call or kBITCrashErrorDomain
with reason of type BITCrashErrorReason.</Abstract>
				</Parameter>
			</Parameters>
			
			<Anchor>//api/name/crashManager:didFailWithError:</Anchor>
            <NodeRef refid="26"/>
		</Token>
		
		<Token>
			<TokenIdentifier>//apple_ref/occ/intfm/BITCrashManagerDelegate/crashManagerDidFinishSendingCrashReport:</TokenIdentifier>
			<Abstract type="html">Invoked after sending crash reports succeeded</Abstract>
			<DeclaredIn>BITCrashManagerDelegate.h</DeclaredIn>
			
			<Declaration>- (void)crashManagerDidFinishSendingCrashReport:(BITCrashManager *)crashManager</Declaration>
			<Parameters>
				<Parameter>
					<Name>crashManager</Name>
					<Abstract type="html">The BITCrashManager instance invoking this delegate</Abstract>
				</Parameter>
			</Parameters>
			
			<Anchor>//api/name/crashManagerDidFinishSendingCrashReport:</Anchor>
            <NodeRef refid="26"/>
		</Token>
		
        
	</File>
</Tokens>