<?xml version="1.0" encoding="UTF-8"?>
<Tokens version="1.0">
	<File path="Constants/BITUpdateErrorReason.html">
		
		<Token>
			<TokenIdentifier>//apple_ref/c/tdef/BITUpdateErrorReason</TokenIdentifier>
			<Abstract type="html">HockeySDK Update error domain</Abstract>
			<DeclaredIn>HockeySDK.h</DeclaredIn>
            
			
			<NodeRef refid="42"/>
		</Token>
		
		
        
        <Token>
            <TokenIdentifier>//apple_ref/c/econst/BITUpdateErrorUnknown</TokenIdentifier>
            <Abstract type="html">Unknown error
   </Abstract>
            <Declaration>BITUpdateErrorUnknown</Declaration>
            
            <DeclaredIn>HockeySDK.h</DeclaredIn>
            
            <NodeRef refid="42"/>
        </Token>
        
        <Token>
            <TokenIdentifier>//apple_ref/c/econst/BITUpdateAPIServerReturnedInvalidStatus</TokenIdentifier>
            <Abstract type="html">API Server returned invalid status
   </Abstract>
            <Declaration>BITUpdateAPIServerReturnedInvalidStatus</Declaration>
            
            <DeclaredIn>HockeySDK.h</DeclaredIn>
            
            <NodeRef refid="42"/>
        </Token>
        
        <Token>
            <TokenIdentifier>//apple_ref/c/econst/BITUpdateAPIServerReturnedInvalidData</TokenIdentifier>
            <Abstract type="html">API Server returned invalid data
   </Abstract>
            <Declaration>BITUpdateAPIServerReturnedInvalidData</Declaration>
            
            <DeclaredIn>HockeySDK.h</DeclaredIn>
            
            <NodeRef refid="42"/>
        </Token>
        
        <Token>
            <TokenIdentifier>//apple_ref/c/econst/BITUpdateAPIServerReturnedEmptyResponse</TokenIdentifier>
            <Abstract type="html">API Server returned empty response
   </Abstract>
            <Declaration>BITUpdateAPIServerReturnedEmptyResponse</Declaration>
            
            <DeclaredIn>HockeySDK.h</DeclaredIn>
            
            <NodeRef refid="42"/>
        </Token>
        
        <Token>
            <TokenIdentifier>//apple_ref/c/econst/BITUpdateAPIClientAuthorizationMissingSecret</TokenIdentifier>
            <Abstract type="html">Authorization secret missing
   </Abstract>
            <Declaration>BITUpdateAPIClientAuthorizationMissingSecret</Declaration>
            
            <DeclaredIn>HockeySDK.h</DeclaredIn>
            
            <NodeRef refid="42"/>
        </Token>
        
        <Token>
            <TokenIdentifier>//apple_ref/c/econst/BITUpdateAPIClientCannotCreateConnection</TokenIdentifier>
            <Abstract type="html">No internet connection
   </Abstract>
            <Declaration>BITUpdateAPIClientCannotCreateConnection</Declaration>
            
            <DeclaredIn>HockeySDK.h</DeclaredIn>
            
            <NodeRef refid="42"/>
        </Token>
        
	</File>
</Tokens>